Round,Round Name,HomeTeam,AwayTeam,UTC Time,Finished,Started,Cancelled,Awarded,Match Status,FTHG,FTAG
1,1,Empoli,Verona,2023-08-19T16:30:00Z,True,True,False,False,Full-Time,0,1
1,1,Frosinone,Napoli,2023-08-19T16:30:00Z,True,True,False,False,Full-Time,1,3
1,1,Genoa,Fiorentina,2023-08-19T18:45:00Z,True,True,False,False,Full-Time,1,4
1,1,Inter,Monza,2023-08-19T18:45:00Z,True,True,False,False,Full-Time,2,0
1,1,Roma,Salernitana,2023-08-20T16:30:00Z,True,True,False,False,Full-Time,2,2
1,1,Sassuolo,Atalanta,2023-08-20T16:30:00Z,True,True,False,False,Full-Time,0,2
1,1,Lecce,Lazio,2023-08-20T18:45:00Z,True,True,False,False,Full-Time,2,1
1,1,Udinese,Juventus,2023-08-20T18:45:00Z,True,True,False,False,Full-Time,0,3
1,1,Torino,Cagliari,2023-08-21T16:30:00Z,True,True,False,False,Full-Time,0,0
1,1,Bologna,Milan,2023-08-21T18:45:00Z,True,True,False,False,Full-Time,0,2
2,2,Frosinone,Atalanta,2023-08-26T16:30:00Z,True,True,False,False,Full-Time,2,1
2,2,Monza,Empoli,2023-08-26T16:30:00Z,True,True,False,False,Full-Time,2,0
2,2,Milan,Torino,2023-08-26T18:45:00Z,True,True,False,False,Full-Time,4,1
2,2,Verona,Roma,2023-08-26T18:45:00Z,True,True,False,False,Full-Time,2,1
2,2,Juventus,Bologna,2023-08-27T16:30:00Z,True,True,False,False,Full-Time,1,1
2,2,Fiorentina,Lecce,2023-08-27T16:35:00Z,True,True,False,False,Full-Time,2,2
2,2,Lazio,Genoa,2023-08-27T18:45:00Z,True,True,False,False,Full-Time,0,1
2,2,Napoli,Sassuolo,2023-08-27T18:45:00Z,True,True,False,False,Full-Time,2,0
2,2,Salernitana,Udinese,2023-08-28T16:30:00Z,True,True,False,False,Full-Time,1,1
2,2,Cagliari,Inter,2023-08-28T18:45:00Z,True,True,False,False,Full-Time,0,2
3,3,Sassuolo,Verona,2023-09-01T16:30:00Z,True,True,False,False,Full-Time,3,1
3,3,Roma,Milan,2023-09-01T18:45:00Z,True,True,False,False,Full-Time,1,2
3,3,Bologna,Cagliari,2023-09-02T16:30:00Z,True,True,False,False,Full-Time,2,1
3,3,Udinese,Frosinone,2023-09-02T16:30:00Z,True,True,False,False,Full-Time,0,0
3,3,Atalanta,Monza,2023-09-02T18:45:00Z,True,True,False,False,Full-Time,3,0
3,3,Napoli,Lazio,2023-09-02T18:45:00Z,True,True,False,False,Full-Time,1,2
3,3,Inter,Fiorentina,2023-09-03T16:30:00Z,True,True,False,False,Full-Time,4,0
3,3,Torino,Genoa,2023-09-03T16:30:00Z,True,True,False,False,Full-Time,1,0
3,3,Empoli,Juventus,2023-09-03T18:45:00Z,True,True,False,False,Full-Time,0,2
3,3,Lecce,Salernitana,2023-09-03T18:45:00Z,True,True,False,False,Full-Time,2,0
4,4,Juventus,Lazio,2023-09-16T13:00:00Z,True,True,False,False,Full-Time,3,1
4,4,Inter,Milan,2023-09-16T16:00:00Z,True,True,False,False,Full-Time,5,1
4,4,Genoa,Napoli,2023-09-16T18:45:00Z,True,True,False,False,Full-Time,2,2
4,4,Cagliari,Udinese,2023-09-17T10:30:00Z,True,True,False,False,Full-Time,0,0
4,4,Frosinone,Sassuolo,2023-09-17T13:00:00Z,True,True,False,False,Full-Time,4,2
4,4,Monza,Lecce,2023-09-17T13:00:00Z,True,True,False,False,Full-Time,1,1
4,4,Fiorentina,Atalanta,2023-09-17T16:00:00Z,True,True,False,False,Full-Time,3,2
4,4,Roma,Empoli,2023-09-17T18:45:00Z,True,True,False,False,Full-Time,7,0
4,4,Salernitana,Torino,2023-09-18T16:30:00Z,True,True,False,False,Full-Time,0,3
4,4,Verona,Bologna,2023-09-18T18:45:00Z,True,True,False,False,Full-Time,0,0
5,5,Salernitana,Frosinone,2023-09-22T16:30:00Z,True,True,False,False,Full-Time,1,1
5,5,Lecce,Genoa,2023-09-22T18:45:00Z,True,True,False,False,Full-Time,1,0
5,5,Milan,Verona,2023-09-23T13:25:00Z,True,True,False,False,Full-Time,1,0
5,5,Sassuolo,Juventus,2023-09-23T16:00:00Z,True,True,False,False,Full-Time,4,2
5,5,Lazio,Monza,2023-09-23T18:45:00Z,True,True,False,False,Full-Time,1,1
5,5,Empoli,Inter,2023-09-24T10:30:00Z,True,True,False,False,Full-Time,0,1
5,5,Atalanta,Cagliari,2023-09-24T13:00:00Z,True,True,False,False,Full-Time,2,0
5,5,Udinese,Fiorentina,2023-09-24T13:00:00Z,True,True,False,False,Full-Time,0,2
5,5,Bologna,Napoli,2023-09-24T16:00:00Z,True,True,False,False,Full-Time,0,0
5,5,Torino,Roma,2023-09-24T18:45:00Z,True,True,False,False,Full-Time,1,1
6,6,Juventus,Lecce,2023-09-26T18:45:00Z,True,True,False,False,Full-Time,1,0
6,6,Cagliari,Milan,2023-09-27T16:30:00Z,True,True,False,False,Full-Time,1,3
6,6,Empoli,Salernitana,2023-09-27T16:30:00Z,True,True,False,False,Full-Time,1,0
6,6,Verona,Atalanta,2023-09-27T16:30:00Z,True,True,False,False,Full-Time,0,1
6,6,Inter,Sassuolo,2023-09-27T18:45:00Z,True,True,False,False,Full-Time,1,2
6,6,Lazio,Torino,2023-09-27T18:45:00Z,True,True,False,False,Full-Time,2,0
6,6,Napoli,Udinese,2023-09-27T18:45:00Z,True,True,False,False,Full-Time,4,1
6,6,Frosinone,Fiorentina,2023-09-28T16:30:00Z,True,True,False,False,Full-Time,1,1
6,6,Monza,Bologna,2023-09-28T16:30:00Z,True,True,False,False,Full-Time,0,0
6,6,Genoa,Roma,2023-09-28T18:45:00Z,True,True,False,False,Full-Time,4,1
7,7,Lecce,Napoli,2023-09-30T13:00:00Z,True,True,False,False,Full-Time,0,4
7,7,Milan,Lazio,2023-09-30T16:00:00Z,True,True,False,False,Full-Time,2,0
7,7,Salernitana,Inter,2023-09-30T18:45:00Z,True,True,False,False,Full-Time,0,4
7,7,Bologna,Empoli,2023-10-01T10:30:00Z,True,True,False,False,Full-Time,3,0
7,7,Udinese,Genoa,2023-10-01T13:00:00Z,True,True,False,False,Full-Time,2,2
7,7,Atalanta,Juventus,2023-10-01T16:00:00Z,True,True,False,False,Full-Time,0,0
7,7,Roma,Frosinone,2023-10-01T18:45:00Z,True,True,False,False,Full-Time,2,0
7,7,Sassuolo,Monza,2023-10-02T16:30:00Z,True,True,False,False,Full-Time,0,1
7,7,Torino,Verona,2023-10-02T16:30:00Z,True,True,False,False,Full-Time,0,0
7,7,Fiorentina,Cagliari,2023-10-02T18:45:00Z,True,True,False,False,Full-Time,3,0
8,8,Empoli,Udinese,2023-10-06T16:30:00Z,True,True,False,False,Full-Time,0,0
8,8,Lecce,Sassuolo,2023-10-06T18:45:00Z,True,True,False,False,Full-Time,1,1
8,8,Inter,Bologna,2023-10-07T13:00:00Z,True,True,False,False,Full-Time,2,2
8,8,Juventus,Torino,2023-10-07T16:00:00Z,True,True,False,False,Full-Time,2,0
8,8,Genoa,Milan,2023-10-07T18:45:00Z,True,True,False,False,Full-Time,0,1
8,8,Monza,Salernitana,2023-10-08T10:30:00Z,True,True,False,False,Full-Time,3,0
8,8,Frosinone,Verona,2023-10-08T13:00:00Z,True,True,False,False,Full-Time,2,1
8,8,Lazio,Atalanta,2023-10-08T13:00:00Z,True,True,False,False,Full-Time,3,2
8,8,Cagliari,Roma,2023-10-08T16:00:00Z,True,True,False,False,Full-Time,1,4
8,8,Napoli,Fiorentina,2023-10-08T18:45:00Z,True,True,False,False,Full-Time,1,3
9,9,Verona,Napoli,2023-10-21T13:00:00Z,True,True,False,False,Full-Time,1,3
9,9,Torino,Inter,2023-10-21T16:00:00Z,True,True,False,False,Full-Time,0,3
9,9,Sassuolo,Lazio,2023-10-21T18:45:00Z,True,True,False,False,Full-Time,0,2
9,9,Roma,Monza,2023-10-22T10:30:00Z,True,True,False,False,Full-Time,1,0
9,9,Bologna,Frosinone,2023-10-22T13:00:00Z,True,True,False,False,Full-Time,2,1
9,9,Salernitana,Cagliari,2023-10-22T13:00:00Z,True,True,False,False,Full-Time,2,2
9,9,Atalanta,Genoa,2023-10-22T16:00:00Z,True,True,False,False,Full-Time,2,0
9,9,Milan,Juventus,2023-10-22T18:45:00Z,True,True,False,False,Full-Time,0,1
9,9,Udinese,Lecce,2023-10-23T16:30:00Z,True,True,False,False,Full-Time,1,1
9,9,Fiorentina,Empoli,2023-10-23T18:45:00Z,True,True,False,False,Full-Time,0,2
10,10,Genoa,Salernitana,2023-10-27T18:45:00Z,True,True,False,False,Full-Time,1,0
10,10,Sassuolo,Bologna,2023-10-28T13:00:00Z,True,True,False,False,Full-Time,1,1
10,10,Lecce,Torino,2023-10-28T16:00:00Z,True,True,False,False,Full-Time,0,1
10,10,Juventus,Verona,2023-10-28T18:45:00Z,True,True,False,False,Full-Time,1,0
10,10,Cagliari,Frosinone,2023-10-29T11:30:00Z,True,True,False,False,Full-Time,4,3
10,10,Monza,Udinese,2023-10-29T14:00:00Z,True,True,False,False,Full-Time,1,1
10,10,Inter,Roma,2023-10-29T17:00:00Z,True,True,False,False,Full-Time,1,0
10,10,Napoli,Milan,2023-10-29T19:45:00Z,True,True,False,False,Full-Time,2,2
10,10,Empoli,Atalanta,2023-10-30T17:30:00Z,True,True,False,False,Full-Time,0,3
10,10,Lazio,Fiorentina,2023-10-30T19:45:00Z,True,True,False,False,Full-Time,1,0
11,11,Bologna,Lazio,2023-11-03T19:45:00Z,True,True,False,False,Full-Time,1,0
11,11,Salernitana,Napoli,2023-11-04T14:00:00Z,True,True,False,False,Full-Time,0,2
11,11,Atalanta,Inter,2023-11-04T17:00:00Z,True,True,False,False,Full-Time,1,2
11,11,Milan,Udinese,2023-11-04T19:45:00Z,True,True,False,False,Full-Time,0,1
11,11,Verona,Monza,2023-11-05T11:30:00Z,True,True,False,False,Full-Time,1,3
11,11,Cagliari,Genoa,2023-11-05T14:00:00Z,True,True,False,False,Full-Time,2,1
11,11,Roma,Lecce,2023-11-05T17:00:00Z,True,True,False,False,Full-Time,2,1
11,11,Fiorentina,Juventus,2023-11-05T19:45:00Z,True,True,False,False,Full-Time,0,1
11,11,Frosinone,Empoli,2023-11-06T17:30:00Z,True,True,False,False,Full-Time,2,1
11,11,Torino,Sassuolo,2023-11-06T19:45:00Z,True,True,False,False,Full-Time,2,1
12,12,Sassuolo,Salernitana,2023-11-10T17:30:00Z,True,True,False,False,Full-Time,2,2
12,12,Genoa,Verona,2023-11-10T19:45:00Z,True,True,False,False,Full-Time,1,0
12,12,Lecce,Milan,2023-11-11T14:00:00Z,True,True,False,False,Full-Time,2,2
12,12,Juventus,Cagliari,2023-11-11T17:00:00Z,True,True,False,False,Full-Time,2,1
12,12,Monza,Torino,2023-11-11T19:45:00Z,True,True,False,False,Full-Time,1,1
12,12,Napoli,Empoli,2023-11-12T11:30:00Z,True,True,False,False,Full-Time,0,1
12,12,Fiorentina,Bologna,2023-11-12T14:00:00Z,True,True,False,False,Full-Time,2,1
12,12,Udinese,Atalanta,2023-11-12T14:00:00Z,True,True,False,False,Full-Time,1,1
12,12,Lazio,Roma,2023-11-12T17:00:00Z,True,True,False,False,Full-Time,0,0
12,12,Inter,Frosinone,2023-11-12T19:45:00Z,True,True,False,False,Full-Time,2,0
13,13,Salernitana,Lazio,2023-11-25T14:00:00Z,True,True,False,False,Full-Time,2,1
13,13,Atalanta,Napoli,2023-11-25T17:00:00Z,True,True,False,False,Full-Time,1,2
13,13,Milan,Fiorentina,2023-11-25T19:45:00Z,True,True,False,False,Full-Time,1,0
13,13,Cagliari,Monza,2023-11-26T11:30:00Z,True,True,False,False,Full-Time,1,1
13,13,Empoli,Sassuolo,2023-11-26T14:00:00Z,True,True,False,False,Full-Time,3,4
13,13,Frosinone,Genoa,2023-11-26T14:00:00Z,True,True,False,False,Full-Time,2,1
13,13,Roma,Udinese,2023-11-26T17:00:00Z,True,True,False,False,Full-Time,3,1
13,13,Juventus,Inter,2023-11-26T19:45:00Z,True,True,False,False,Full-Time,1,1
13,13,Verona,Lecce,2023-11-27T17:30:00Z,True,True,False,False,Full-Time,2,2
13,13,Bologna,Torino,2023-11-27T19:45:00Z,True,True,False,False,Full-Time,2,0
14,14,Monza,Juventus,2023-12-01T19:45:00Z,True,True,False,False,Full-Time,1,2
14,14,Genoa,Empoli,2023-12-02T14:00:00Z,True,True,False,False,Full-Time,1,1
14,14,Lazio,Cagliari,2023-12-02T17:00:00Z,True,True,False,False,Full-Time,1,0
14,14,Milan,Frosinone,2023-12-02T19:45:00Z,True,True,False,False,Full-Time,3,1
14,14,Lecce,Bologna,2023-12-03T11:30:00Z,True,True,False,False,Full-Time,1,1
14,14,Fiorentina,Salernitana,2023-12-03T14:00:00Z,True,True,False,False,Full-Time,3,0
14,14,Udinese,Verona,2023-12-03T14:00:00Z,True,True,False,False,Full-Time,3,3
14,14,Sassuolo,Roma,2023-12-03T17:00:00Z,True,True,False,False,Full-Time,1,2
14,14,Napoli,Inter,2023-12-03T19:45:00Z,True,True,False,False,Full-Time,0,3
14,14,Torino,Atalanta,2023-12-04T19:45:00Z,True,True,False,False,Full-Time,3,0
15,15,Juventus,Napoli,2023-12-08T19:45:00Z,True,True,False,False,Full-Time,1,0
15,15,Verona,Lazio,2023-12-09T14:00:00Z,True,True,False,False,Full-Time,1,1
15,15,Atalanta,Milan,2023-12-09T17:00:00Z,True,True,False,False,Full-Time,3,2
15,15,Inter,Udinese,2023-12-09T19:45:00Z,True,True,False,False,Full-Time,4,0
15,15,Frosinone,Torino,2023-12-10T11:30:00Z,True,True,False,False,Full-Time,0,0
15,15,Monza,Genoa,2023-12-10T14:00:00Z,True,True,False,False,Full-Time,1,0
15,15,Salernitana,Bologna,2023-12-10T17:00:00Z,True,True,False,False,Full-Time,1,2
15,15,Roma,Fiorentina,2023-12-10T19:45:00Z,True,True,False,False,Full-Time,1,1
15,15,Empoli,Lecce,2023-12-11T17:30:00Z,True,True,False,False,Full-Time,1,1
15,15,Cagliari,Sassuolo,2023-12-11T19:45:00Z,True,True,False,False,Full-Time,2,1
16,16,Genoa,Juventus,2023-12-15T19:45:00Z,True,True,False,False,Full-Time,1,1
16,16,Lecce,Frosinone,2023-12-16T14:00:00Z,True,True,False,False,Full-Time,2,1
16,16,Napoli,Cagliari,2023-12-16T17:30:00Z,True,True,False,False,Full-Time,2,1
16,16,Torino,Empoli,2023-12-16T19:45:00Z,True,True,False,False,Full-Time,1,0
16,16,Milan,Monza,2023-12-17T11:30:00Z,True,True,False,False,Full-Time,3,0
16,16,Fiorentina,Verona,2023-12-17T14:00:00Z,True,True,False,False,Full-Time,1,0
16,16,Udinese,Sassuolo,2023-12-17T14:00:00Z,True,True,False,False,Full-Time,2,2
16,16,Bologna,Roma,2023-12-17T17:00:00Z,True,True,False,False,Full-Time,2,0
16,16,Lazio,Inter,2023-12-17T19:45:00Z,True,True,False,False,Full-Time,0,2
16,16,Atalanta,Salernitana,2023-12-18T19:45:00Z,True,True,False,False,Full-Time,4,1
17,17,Empoli,Lazio,2023-12-22T17:30:00Z,True,True,False,False,Full-Time,0,2
17,17,Sassuolo,Genoa,2023-12-22T17:30:00Z,True,True,False,False,Full-Time,1,2
17,17,Monza,Fiorentina,2023-12-22T19:45:00Z,True,True,False,False,Full-Time,0,1
17,17,Salernitana,Milan,2023-12-22T19:45:00Z,True,True,False,False,Full-Time,2,2
17,17,Frosinone,Juventus,2023-12-23T11:30:00Z,True,True,False,False,Full-Time,1,2
17,17,Bologna,Atalanta,2023-12-23T14:00:00Z,True,True,False,False,Full-Time,1,0
17,17,Torino,Udinese,2023-12-23T14:00:00Z,True,True,False,False,Full-Time,1,1
17,17,Verona,Cagliari,2023-12-23T17:00:00Z,True,True,False,False,Full-Time,2,0
17,17,Inter,Lecce,2023-12-23T17:00:00Z,True,True,False,False,Full-Time,2,0
17,17,Roma,Napoli,2023-12-23T19:45:00Z,True,True,False,False,Full-Time,2,0
18,18,Fiorentina,Torino,2023-12-29T17:30:00Z,True,True,False,False,Full-Time,1,0
18,18,Napoli,Monza,2023-12-29T17:30:00Z,True,True,False,False,Full-Time,0,0
18,18,Genoa,Inter,2023-12-29T19:45:00Z,True,True,False,False,Full-Time,1,1
18,18,Lazio,Frosinone,2023-12-29T19:45:00Z,True,True,False,False,Full-Time,3,1
18,18,Atalanta,Lecce,2023-12-30T11:30:00Z,True,True,False,False,Full-Time,1,0
18,18,Cagliari,Empoli,2023-12-30T14:00:00Z,True,True,False,False,Full-Time,0,0
18,18,Udinese,Bologna,2023-12-30T14:00:00Z,True,True,False,False,Full-Time,3,0
18,18,Milan,Sassuolo,2023-12-30T17:00:00Z,True,True,False,False,Full-Time,1,0
18,18,Verona,Salernitana,2023-12-30T17:00:00Z,True,True,False,False,Full-Time,0,1
18,18,Juventus,Roma,2023-12-30T19:45:00Z,True,True,False,False,Full-Time,1,0
19,19,Bologna,Genoa,2024-01-05T19:45:00Z,True,True,False,False,Full-Time,1,1
19,19,Inter,Verona,2024-01-06T11:30:00Z,True,True,False,False,Full-Time,2,1
19,19,Frosinone,Monza,2024-01-06T14:00:00Z,True,True,False,False,Full-Time,2,3
19,19,Lecce,Cagliari,2024-01-06T17:00:00Z,True,True,False,False,Full-Time,1,1
19,19,Sassuolo,Fiorentina,2024-01-06T19:45:00Z,True,True,False,False,Full-Time,1,0
19,19,Empoli,Milan,2024-01-07T11:30:00Z,True,True,False,False,Full-Time,0,3
19,19,Torino,Napoli,2024-01-07T14:00:00Z,True,True,False,False,Full-Time,3,0
19,19,Udinese,Lazio,2024-01-07T14:00:00Z,True,True,False,False,Full-Time,1,2
19,19,Salernitana,Juventus,2024-01-07T17:00:00Z,True,True,False,False,Full-Time,1,2
19,19,Roma,Atalanta,2024-01-07T19:45:00Z,True,True,False,False,Full-Time,1,1
20,20,Genoa,Torino,2024-01-13T14:00:00Z,True,True,False,False,Full-Time,0,0
20,20,Napoli,Salernitana,2024-01-13T14:00:00Z,True,True,False,False,Full-Time,2,1
20,20,Verona,Empoli,2024-01-13T17:00:00Z,True,True,False,False,Full-Time,2,1
20,20,Monza,Inter,2024-01-13T19:45:00Z,True,True,False,False,Full-Time,1,5
20,20,Lazio,Lecce,2024-01-14T11:30:00Z,True,True,False,False,Full-Time,1,0
20,20,Cagliari,Bologna,2024-01-14T14:00:00Z,True,True,False,False,Full-Time,2,1
20,20,Fiorentina,Udinese,2024-01-14T17:00:00Z,True,True,False,False,Full-Time,2,2
20,20,Milan,Roma,2024-01-14T19:45:00Z,True,True,False,False,Full-Time,3,1
20,20,Atalanta,Frosinone,2024-01-15T19:45:00Z,True,True,False,False,Full-Time,5,0
20,20,Juventus,Sassuolo,2024-01-16T19:45:00Z,True,True,False,False,Full-Time,3,0
21,21,Roma,Verona,2024-01-20T17:00:00Z,True,True,False,False,Full-Time,2,1
21,21,Udinese,Milan,2024-01-20T19:45:00Z,True,True,False,False,Full-Time,2,3
21,21,Frosinone,Cagliari,2024-01-21T11:30:00Z,True,True,False,False,Full-Time,3,1
21,21,Empoli,Monza,2024-01-21T14:00:00Z,True,True,False,False,Full-Time,3,0
21,21,Salernitana,Genoa,2024-01-21T17:00:00Z,True,True,False,False,Full-Time,1,2
21,21,Lecce,Juventus,2024-01-21T19:45:00Z,True,True,False,False,Full-Time,0,3
22,22,Cagliari,Torino,2024-01-26T19:45:00Z,True,True,False,False,Full-Time,1,2
22,22,Atalanta,Udinese,2024-01-27T14:00:00Z,True,True,False,False,Full-Time,2,0
22,22,Juventus,Empoli,2024-01-27T17:00:00Z,True,True,False,False,Full-Time,1,1
22,22,Milan,Bologna,2024-01-27T19:45:00Z,True,True,False,False,Full-Time,2,2
22,22,Genoa,Lecce,2024-01-28T11:30:00Z,True,True,False,False,Full-Time,2,1
22,22,Verona,Frosinone,2024-01-28T14:00:00Z,True,True,False,False,Full-Time,1,1
22,22,Monza,Sassuolo,2024-01-28T14:00:00Z,True,True,False,False,Full-Time,1,0
22,22,Lazio,Napoli,2024-01-28T17:00:00Z,True,True,False,False,Full-Time,0,0
22,22,Fiorentina,Inter,2024-01-28T19:45:00Z,True,True,False,False,Full-Time,0,1
22,22,Salernitana,Roma,2024-01-29T19:45:00Z,True,True,False,False,Full-Time,1,2
23,23,Lecce,Fiorentina,2024-02-02T19:45:00Z,True,True,False,False,Full-Time,3,2
23,23,Empoli,Genoa,2024-02-03T14:00:00Z,True,True,False,False,Full-Time,0,0
23,23,Udinese,Monza,2024-02-03T14:00:00Z,True,True,False,False,Full-Time,0,0
23,23,Frosinone,Milan,2024-02-03T17:00:00Z,True,True,False,False,Full-Time,2,3
23,23,Bologna,Sassuolo,2024-02-03T19:45:00Z,True,True,False,False,Full-Time,4,2
23,23,Torino,Salernitana,2024-02-04T11:30:00Z,True,True,False,False,Full-Time,0,0
23,23,Napoli,Verona,2024-02-04T14:00:00Z,True,True,False,False,Full-Time,2,1
23,23,Atalanta,Lazio,2024-02-04T17:00:00Z,True,True,False,False,Full-Time,3,1
23,23,Inter,Juventus,2024-02-04T19:45:00Z,True,True,False,False,Full-Time,1,0
23,23,Roma,Cagliari,2024-02-05T19:45:00Z,True,True,False,False,Full-Time,4,0
24,24,Salernitana,Empoli,2024-02-09T19:45:00Z,True,True,False,False,Full-Time,1,3
24,24,Cagliari,Lazio,2024-02-10T14:00:00Z,True,True,False,False,Full-Time,1,3
24,24,Roma,Inter,2024-02-10T17:00:00Z,True,True,False,False,Full-Time,2,4
24,24,Sassuolo,Torino,2024-02-10T19:45:00Z,True,True,False,False,Full-Time,1,1
24,24,Fiorentina,Frosinone,2024-02-11T11:30:00Z,True,True,False,False,Full-Time,5,1
24,24,Bologna,Lecce,2024-02-11T14:00:00Z,True,True,False,False,Full-Time,4,0
24,24,Monza,Verona,2024-02-11T14:00:00Z,True,True,False,False,Full-Time,0,0
24,24,Genoa,Atalanta,2024-02-11T17:00:00Z,True,True,False,False,Full-Time,1,4
24,24,Milan,Napoli,2024-02-11T19:45:00Z,True,True,False,False,Full-Time,1,0
24,24,Juventus,Udinese,2024-02-12T19:45:00Z,True,True,False,False,Full-Time,0,1
21,21,Bologna,Fiorentina,2024-02-14T18:00:00Z,True,True,False,False,Full-Time,2,0
25,25,Torino,Lecce,2024-02-16T18:00:00Z,True,True,False,False,Full-Time,2,0
25,25,Inter,Salernitana,2024-02-16T20:00:00Z,True,True,False,False,Full-Time,4,0
25,25,Napoli,Genoa,2024-02-17T14:00:00Z,True,True,False,False,Full-Time,1,1
25,25,Verona,Juventus,2024-02-17T17:00:00Z,True,True,False,False,Full-Time,2,2
25,25,Atalanta,Sassuolo,2024-02-17T19:45:00Z,True,True,False,False,Full-Time,3,0
25,25,Lazio,Bologna,2024-02-18T11:30:00Z,True,True,False,False,Full-Time,1,2
25,25,Empoli,Fiorentina,2024-02-18T14:00:00Z,True,True,False,False,Full-Time,1,1
25,25,Udinese,Cagliari,2024-02-18T14:00:00Z,True,True,False,False,Full-Time,1,1
25,25,Frosinone,Roma,2024-02-18T17:00:00Z,True,True,False,False,Full-Time,0,3
25,25,Monza,Milan,2024-02-18T19:45:00Z,True,True,False,False,Full-Time,4,2
21,21,Torino,Lazio,2024-02-22T19:45:00Z,True,True,False,False,Full-Time,0,2
26,26,Bologna,Verona,2024-02-23T19:45:00Z,True,True,False,False,Full-Time,2,0
26,26,Sassuolo,Empoli,2024-02-24T14:00:00Z,True,True,False,False,Full-Time,2,3
26,26,Salernitana,Monza,2024-02-24T17:00:00Z,True,True,False,False,Full-Time,0,2
26,26,Genoa,Udinese,2024-02-24T19:45:00Z,True,True,False,False,Full-Time,2,0
26,26,Juventus,Frosinone,2024-02-25T11:30:00Z,True,True,False,False,Full-Time,3,2
26,26,Cagliari,Napoli,2024-02-25T14:00:00Z,True,True,False,False,Full-Time,1,1
26,26,Lecce,Inter,2024-02-25T17:00:00Z,True,True,False,False,Full-Time,0,4
26,26,Milan,Atalanta,2024-02-25T19:45:00Z,True,True,False,False,Full-Time,1,1
26,26,Roma,Torino,2024-02-26T17:30:00Z,True,True,False,False,Full-Time,3,2
26,26,Fiorentina,Lazio,2024-02-26T19:45:00Z,True,True,False,False,Full-Time,2,1
21,21,Sassuolo,Napoli,2024-02-28T17:00:00Z,True,True,False,False,Full-Time,1,6
21,21,Inter,Atalanta,2024-02-28T19:45:00Z,True,True,False,False,Full-Time,4,0
27,27,Lazio,Milan,2024-03-01T19:45:00Z,True,True,False,False,Full-Time,0,1
27,27,Udinese,Salernitana,2024-03-02T14:00:00Z,True,True,False,False,Full-Time,1,1
27,27,Monza,Roma,2024-03-02T17:00:00Z,True,True,False,False,Full-Time,1,4
27,27,Torino,Fiorentina,2024-03-02T19:45:00Z,True,True,False,False,Full-Time,0,0
27,27,Verona,Sassuolo,2024-03-03T11:30:00Z,True,True,False,False,Full-Time,1,0
27,27,Empoli,Cagliari,2024-03-03T14:00:00Z,True,True,False,False,Full-Time,0,1
27,27,Frosinone,Lecce,2024-03-03T14:00:00Z,True,True,False,False,Full-Time,1,1
27,27,Atalanta,Bologna,2024-03-03T17:00:00Z,True,True,False,False,Full-Time,1,2
27,27,Napoli,Juventus,2024-03-03T19:45:00Z,True,True,False,False,Full-Time,2,1
27,27,Inter,Genoa,2024-03-04T19:45:00Z,True,True,False,False,Full-Time,2,1
28,28,Napoli,Torino,2024-03-08T19:45:00Z,True,True,False,False,Full-Time,1,1
28,28,Cagliari,Salernitana,2024-03-09T14:00:00Z,True,True,False,False,Full-Time,4,2
28,28,Sassuolo,Frosinone,2024-03-09T14:00:00Z,True,True,False,False,Full-Time,1,0
28,28,Bologna,Inter,2024-03-09T17:00:00Z,True,True,False,False,Full-Time,0,1
28,28,Genoa,Monza,2024-03-09T19:45:00Z,True,True,False,False,Full-Time,2,3
28,28,Lecce,Verona,2024-03-10T11:30:00Z,True,True,False,False,Full-Time,0,1
28,28,Milan,Empoli,2024-03-10T14:00:00Z,True,True,False,False,Full-Time,1,0
28,28,Juventus,Atalanta,2024-03-10T17:00:00Z,True,True,False,False,Full-Time,2,2
28,28,Fiorentina,Roma,2024-03-10T19:45:00Z,True,True,False,False,Full-Time,2,2
28,28,Lazio,Udinese,2024-03-11T19:45:00Z,True,True,False,False,Full-Time,1,2
29,29,Empoli,Bologna,2024-03-15T19:45:00Z,True,True,False,False,Full-Time,0,1
29,29,Monza,Cagliari,2024-03-16T14:00:00Z,True,True,False,False,Full-Time,1,0
29,29,Udinese,Torino,2024-03-16T14:00:00Z,True,True,False,False,Full-Time,0,2
29,29,Salernitana,Lecce,2024-03-16T17:00:00Z,True,True,False,False,Full-Time,0,1
29,29,Frosinone,Lazio,2024-03-16T19:45:00Z,True,True,False,False,Full-Time,2,3
29,29,Juventus,Genoa,2024-03-17T11:30:00Z,True,True,False,False,Full-Time,0,0
29,29,Verona,Milan,2024-03-17T14:00:00Z,True,True,False,False,Full-Time,1,3
29,29,Roma,Sassuolo,2024-03-17T17:00:00Z,True,True,False,False,Full-Time,1,0
29,29,Inter,Napoli,2024-03-17T19:45:00Z,True,True,False,False,Full-Time,1,1
30,30,Napoli,Atalanta,2024-03-30T11:30:00Z,True,True,False,False,Full-Time,0,3
30,30,Genoa,Frosinone,2024-03-30T14:00:00Z,True,True,False,False,Full-Time,1,1
30,30,Torino,Monza,2024-03-30T14:00:00Z,True,True,False,False,Full-Time,1,0
30,30,Lazio,Juventus,2024-03-30T17:00:00Z,True,True,False,False,Full-Time,1,0
30,30,Fiorentina,Milan,2024-03-30T19:45:00Z,True,True,False,False,Full-Time,1,2
30,30,Bologna,Salernitana,2024-04-01T10:30:00Z,True,True,False,False,Full-Time,3,0
30,30,Cagliari,Verona,2024-04-01T13:00:00Z,True,True,False,False,Full-Time,1,1
30,30,Sassuolo,Udinese,2024-04-01T13:00:00Z,True,True,False,False,Full-Time,1,1
30,30,Lecce,Roma,2024-04-01T16:00:00Z,True,True,False,False,Full-Time,0,0
30,30,Inter,Empoli,2024-04-01T18:45:00Z,True,True,False,False,Full-Time,2,0
31,31,Salernitana,Sassuolo,2024-04-05T18:45:00Z,True,True,False,False,Full-Time,2,2
31,31,Milan,Lecce,2024-04-06T13:00:00Z,True,True,False,False,Full-Time,3,0
31,31,Roma,Lazio,2024-04-06T16:00:00Z,True,True,False,False,Full-Time,1,0
31,31,Empoli,Torino,2024-04-06T18:45:00Z,True,True,False,False,Full-Time,3,2
31,31,Frosinone,Bologna,2024-04-07T10:30:00Z,True,True,False,False,Full-Time,0,0
31,31,Monza,Napoli,2024-04-07T13:00:00Z,True,True,False,False,Full-Time,2,4
31,31,Cagliari,Atalanta,2024-04-07T16:00:00Z,True,True,False,False,Full-Time,2,1
31,31,Verona,Genoa,2024-04-07T16:00:00Z,True,True,False,False,Full-Time,1,2
31,31,Juventus,Fiorentina,2024-04-07T18:45:00Z,True,True,False,False,Full-Time,1,0
31,31,Udinese,Inter,2024-04-08T18:45:00Z,True,True,False,False,Full-Time,1,2
32,32,Lazio,Salernitana,2024-04-12T18:45:00Z,True,True,False,False,Full-Time,4,1
32,32,Lecce,Empoli,2024-04-13T13:00:00Z,True,True,False,False,Full-Time,1,0
32,32,Torino,Juventus,2024-04-13T16:05:00Z,True,True,False,False,Full-Time,0,0
32,32,Bologna,Monza,2024-04-13T18:45:00Z,True,True,False,False,Full-Time,0,0
32,32,Napoli,Frosinone,2024-04-14T10:30:00Z,True,True,False,False,Full-Time,2,2
32,32,Sassuolo,Milan,2024-04-14T13:00:00Z,True,True,False,False,Full-Time,3,3
32,32,Inter,Cagliari,2024-04-14T18:45:00Z,True,True,False,False,Full-Time,2,2
32,32,Fiorentina,Genoa,2024-04-15T16:30:00Z,True,True,False,False,Full-Time,1,1
32,32,Atalanta,Verona,2024-04-15T18:45:00Z,True,True,False,False,Full-Time,2,2
33,33,Genoa,Lazio,2024-04-19T16:30:00Z,True,True,False,False,Full-Time,0,1
33,33,Cagliari,Juventus,2024-04-19T18:45:00Z,True,True,False,False,Full-Time,2,2
33,33,Empoli,Napoli,2024-04-20T16:00:00Z,True,True,False,False,Full-Time,1,0
33,33,Verona,Udinese,2024-04-20T18:45:00Z,True,True,False,False,Full-Time,1,0
33,33,Sassuolo,Lecce,2024-04-21T10:30:00Z,True,True,False,False,Full-Time,0,3
33,33,Torino,Frosinone,2024-04-21T13:00:00Z,True,True,False,False,Full-Time,0,0
33,33,Salernitana,Fiorentina,2024-04-21T16:00:00Z,True,True,False,False,Full-Time,0,2
33,33,Monza,Atalanta,2024-04-21T18:45:00Z,True,True,False,False,Full-Time,1,2
33,33,Roma,Bologna,2024-04-22T16:30:00Z,True,True,False,False,Full-Time,1,3
33,33,Milan,Inter,2024-04-22T18:45:00Z,True,True,False,False,Full-Time,1,2
32,32,Udinese,Roma,2024-04-25T18:00:00Z,True,True,False,False,Full-Time,1,2
34,34,Frosinone,Salernitana,2024-04-26T18:45:00Z,True,True,False,False,Full-Time,3,0
34,34,Lecce,Monza,2024-04-27T13:00:00Z,True,True,False,False,Full-Time,1,1
34,34,Juventus,Milan,2024-04-27T16:00:00Z,True,True,False,False,Full-Time,0,0
34,34,Lazio,Verona,2024-04-27T18:45:00Z,True,True,False,False,Full-Time,1,0
34,34,Inter,Torino,2024-04-28T10:30:00Z,True,True,False,False,Full-Time,2,0
34,34,Bologna,Udinese,2024-04-28T13:00:00Z,True,True,False,False,Full-Time,1,1
34,34,Atalanta,Empoli,2024-04-28T16:00:00Z,True,True,False,False,Full-Time,2,0
34,34,Napoli,Roma,2024-04-28T16:00:00Z,True,True,False,False,Full-Time,2,2
34,34,Fiorentina,Sassuolo,2024-04-28T18:45:00Z,True,True,False,False,Full-Time,5,1
34,34,Genoa,Cagliari,2024-04-29T18:45:00Z,True,True,False,False,Full-Time,3,0
35,35,Torino,Bologna,2024-05-03T18:45:00Z,True,True,False,False,Full-Time,0,0
35,35,Monza,Lazio,2024-05-04T16:00:00Z,True,True,False,False,Full-Time,2,2
35,35,Sassuolo,Inter,2024-05-04T18:45:00Z,True,True,False,False,Full-Time,1,0
35,35,Cagliari,Lecce,2024-05-05T10:30:00Z,True,True,False,False,Full-Time,1,1
35,35,Empoli,Frosinone,2024-05-05T13:00:00Z,True,True,False,False,Full-Time,0,0
35,35,Verona,Fiorentina,2024-05-05T13:00:00Z,True,True,False,False,Full-Time,2,1
35,35,Milan,Genoa,2024-05-05T16:00:00Z,True,True,False,False,Full-Time,3,3
35,35,Roma,Juventus,2024-05-05T18:45:00Z,True,True,False,False,Full-Time,1,1
35,35,Salernitana,Atalanta,2024-05-06T16:00:00Z,True,True,False,False,Full-Time,1,2
35,35,Udinese,Napoli,2024-05-06T18:45:00Z,True,True,False,False,Full-Time,1,1
36,36,Frosinone,Inter,2024-05-10T18:45:00Z,True,True,False,False,Full-Time,0,5
36,36,Napoli,Bologna,2024-05-11T16:00:00Z,True,True,False,False,Full-Time,0,2
36,36,Milan,Cagliari,2024-05-11T18:45:00Z,True,True,False,False,Full-Time,5,1
36,36,Lazio,Empoli,2024-05-12T10:30:00Z,True,True,False,False,Full-Time,2,0
36,36,Genoa,Sassuolo,2024-05-12T13:00:00Z,True,True,False,False,Full-Time,2,1
36,36,Verona,Torino,2024-05-12T13:00:00Z,True,True,False,False,Full-Time,1,2
36,36,Juventus,Salernitana,2024-05-12T16:00:00Z,True,True,False,False,Full-Time,1,1
36,36,Atalanta,Roma,2024-05-12T18:45:00Z,True,True,False,False,Full-Time,2,1
36,36,Lecce,Udinese,2024-05-13T16:30:00Z,True,True,False,False,Full-Time,0,2
36,36,Fiorentina,Monza,2024-05-13T18:45:00Z,True,True,False,False,Full-Time,2,1
37,37,Fiorentina,Napoli,2024-05-17T18:45:00Z,True,True,False,False,Full-Time,2,2
37,37,Lecce,Atalanta,2024-05-18T16:00:00Z,True,True,False,False,Full-Time,0,2
37,37,Torino,Milan,2024-05-18T18:45:00Z,True,True,False,False,Full-Time,3,1
37,37,Sassuolo,Cagliari,2024-05-19T10:30:00Z,True,True,False,False,Full-Time,0,2
37,37,Monza,Frosinone,2024-05-19T13:00:00Z,True,True,False,False,Full-Time,0,1
37,37,Udinese,Empoli,2024-05-19T13:00:00Z,True,True,False,False,Full-Time,1,1
37,37,Inter,Lazio,2024-05-19T16:00:00Z,True,True,False,False,Full-Time,1,1
37,37,Roma,Genoa,2024-05-19T18:45:00Z,True,True,False,False,Full-Time,1,0
37,37,Salernitana,Verona,2024-05-20T16:30:00Z,True,True,False,False,Full-Time,1,2
37,37,Bologna,Juventus,2024-05-20T18:45:00Z,True,True,False,False,Full-Time,3,3
38,38,Cagliari,Fiorentina,2024-05-23T18:45:00Z,True,True,False,False,Full-Time,2,3
38,38,Genoa,Bologna,2024-05-24T18:45:00Z,True,True,False,False,Full-Time,2,0
38,38,Juventus,Monza,2024-05-25T16:00:00Z,True,True,False,False,Full-Time,2,0
38,38,Milan,Salernitana,2024-05-25T18:45:00Z,True,True,False,False,Full-Time,3,3
38,38,Atalanta,Torino,2024-05-26T16:00:00Z,True,True,False,False,Full-Time,3,0
38,38,Napoli,Lecce,2024-05-26T16:00:00Z,True,True,False,False,Full-Time,0,0
38,38,Empoli,Roma,2024-05-26T18:45:00Z,True,True,False,False,Full-Time,2,1
38,38,Frosinone,Udinese,2024-05-26T18:45:00Z,True,True,False,False,Full-Time,0,1
38,38,Verona,Inter,2024-05-26T18:45:00Z,True,True,False,False,Full-Time,2,2
38,38,Lazio,Sassuolo,2024-05-26T18:45:00Z,True,True,False,False,Full-Time,1,1
29,29,Atalanta,Fiorentina,2024-06-02T16:00:00Z,True,True,False,False,Full-Time,2,3
